Master Seq No,Field Name,Field Format,Field Length,IsNumericalFormat,IsOverpunchFormat,Format,start,end,applyAlphaPad,applyAlphaLen,applyNumericPad,applyNumericLen
4,RX CLAIMS NUMBER,X,12,FALSE,FALSE,,1,12,,,,
4,CLAIM STATUS,X,2,FALSE,FALSE,,13,14,,,,
4,SEQUENCE NUMBER OF CLAIM,X,2,FALSE,FALSE,,15,16,,,,
4,PATIENT FIRST NAME,X,10,FALSE,FALSE,,17,26,,,,
4,PATIENT LAST NAME,X,12,FALSE,FALSE,,27,38,,,,
4,PATIENT DATE OF BIRTH,X,8,FALSE,FALSE,,39,46,,,,
4,DATE OF SERVICE,X,8,FALSE,FALSE,,47,54,,,,
4,PRESCRIPTION /SERVICE REFERENCE NUMBER,X,10,FALSE,FALSE,,55,64,,,,
4,PRODUCT LABEL NAME WITH DOSAGE FORM AND STRENGTH,X,20,FALSE,FALSE,,65,84,,,,
